id	Name	Email	Name	Email	Name	Email	Name	Email
id1	jerold	jerold@gmail.com	Allen	allen@allen.com	sandy	sandy@yahoo.com	brandon	brandon@example.com
id2	carol	carol@outlook.com	calvin	calvin@calvin.com	james	james@gmail.com	jessie	email@gmail.com